TYPE,FLAMMABLE,EXPLOSIVE,RADIOACTIVE,MEDICAL,FOOD
1,5.072637252,1.316970171,6.738655545,6.58662923,6.856307616
1,1.213891744,1.338871588,7.186061664,7.354202624,1.660219696
2,3.710354135,8.070120105,4.175804513,9.648798481,5.768148105
2,2.242096674,1.462702027,4.039129198,6.425184379,7.130068074
1,9.904301813,8.653123512,5.547351441,3.242744499,0.683043116
1,5.484403475,4.556856343,7.690052936,6.736069362,4.312643075
2,2.346922312,3.297351435,6.272551449,6.444916956,7.748278134
2,3.912985922,9.372754103,4.337335384,9.933032001,9.355041549
